make,brand,focus_brand
ABARTH,Abarth,nein
ACHLEITNER,Achleitner,nein
AION,Aion,nein
ALFA ROMEO,Alfa Romeo,nein
ALPINA,Alpina,nein
ALPINE,Alpine,nein
API CZ,Api Cz,nein
ASTON MARTIN,Aston Martin,nein
AUDI,Audi,nein
AUTOMOBILI LAMBORGHINI S.,Automobili Lamborghini S.,nein
AUTOMOBILI LAMBORGHINI S.P.A.,Automobili Lamborghini S.P.A.,nein
BAIC,Baic,nein
BENTLEY,Bentley,nein
BMW,BMW,nein
BMW I,Bmw I,nein
BUGATTI,Bugatti,nein
BYD,BYD,ja
CADILLAC,Cadillac,nein
CATERHAM,Caterham,nein
CATERHAM CARS LTD,Caterham Cars Ltd,nein
CHERVOLET,Chervolet,nein
CHEVROLET,Chevrolet,nein
CHRYSLER,Chrysler,nein
CITROEN,Citroen,nein
CUPRA,Cupra,nein
DACIA,Dacia,nein
DALLARA,Dallara,nein
DANGEL,Dangel,nein
DETHLEFFS,Dethleffs,nein
DFM,DFM,nein
DFSK,Dfsk,nein
"DFSK,SERES,SOKON,FENGON","Dfsk,Seres,Sokon,Fengon",nein
DODGE,Dodge,nein
DS,DS,nein
DS AUTOMOBILES,Ds Automobiles,nein
ETRUSCO,Etrusco,nein
FERRARI,Ferrari,nein
FIAT,Fiat,nein
FISKER,Fisker,nein
FORD,Ford,nein
FORD - CNG-TECHNIK,Ford - Cng-Technik,nein
FORD-CNG-TECHNIK,Ford-Cng-Technik,nein
FORTHING,Forthing,nein
GENSESIS,Gensesis,nein
GREAT WALL MOTOR COMPANY,Great Wall Motor Company,nein
HONDA,Honda,nein
HONG QI,Hong Qi,nein
HYUNDAI,Hyundai,ja
INEOS,Ineos,nein
JAC,JAC,nein
JAECOO,Jaecoo,nein
JAGUAR,Jaguar,nein
JEEP,Jeep,nein
JOYEAR,Joyear,nein
KG MOBILITY,Kg Mobility,nein
KIA,KIA,nein
KOENIGSEGG,Koenigsegg,nein
KTM,KTM,nein
LAMBORGHINI,Lamborghini,nein
LANCIA,Lancia,nein
LAND ROVER,Land Rover,nein
LEAPMOTOR,Leapmotor,nein
LEXUS,Lexus,nein
LOTUS,Lotus,nein
LUCID MOTORS,Lucid Motors,nein
MAHINDRA,Mahindra,nein
MAN,MAN,nein
MASERATI,Maserati,nein
MAXUS,Maxus,nein
MAZDA,Mazda,nein
MCLAREN,Mclaren,nein
MERCEDES,Mercedes,nein
MERCEDES BENZ,Mercedes Benz,nein
MERCEDES- BENZ,Mercedes- Benz,nein
MERCEDES-AMG,Mercedes-Amg,nein
MERCEDES-BENZ,Mercedes-Benz,nein
MERCEDES-BENZ AG,Mercedes-Benz Ag,nein
MG,MG,ja
MINI,Mini,nein
MITSUBISHI,Mitsubishi,ja
MORGAN,Morgan,nein
NILSSON,Nilsson,nein
NIO,NIO,nein
NISSAN,Nissan,nein
OMODA,Omoda,nein
OPEL,Opel,nein
PEUGEOT,Peugeot,nein
POLESTAR,Polestar,nein
PORSCHE,Porsche,nein
RENAULT,Renault,nein
ROLLS-ROYCE,Rolls-Royce,nein
SEAT,Seat,nein
SERES,Seres,nein
SKODA,Skoda,nein
SKYWELL,Skywell,nein
SMART,Smart,nein
SSANGYONG,Ssangyong,nein
SUBARU,Subaru,nein
SUZUKI,Suzuki,nein
SWM,SWM,nein
TESLA,Tesla,nein
TOYOTA,Toyota,nein
VOLKSWAGEN,Volkswagen,nein
VOLVO,Volvo,nein
WAVECAMPER,Wavecamper,nein
XPENG,Xpeng,nein
ZEEKR,Zeekr,nein
